<?xml version="1.0" encoding="UTF-8"?>
<!DOCTYPE suite SYSTEM "https://testng.org/testng-1.0.dtd">
<suite parallel="false" name="NxtGen AI Automation Suite">

	<listeners>
	    <listener class-name="org.uncommons.reportng.HTMLReporter" /> 
		<listener class-name="com.nxtgenai.listeners.CustomListeners" />
	</listeners>

	<test name="ParaBank Suite">
		<classes>
     		<class name="com.parabank.testcases.ParaBankOpenNewAccount" />
			<class name="com.parabank.testcases.ParaBankTransferFunds" />
		</classes>
	</test> <!-- testng.xml -->

</suite> <!-- Suite -->
